Workbook

Sheet Monthly Summary
A1: Month | B1: Period | C1: USA | D1: Canada | E1: China | F1: UK | G1: EU | H1: Singapore | I1: India | J1: Hong Kong | K1: New Zealand | L1: South Korea | M1: Total | N1: Strong matches
A2: 2024-01 | B2: Pre-withdrawal | C2: =COUNTIFS('All Articles'!$A:$A,$A2,'All Articles'!$D:$D,C$1) | D2: =COUNTIFS('All Articles'!$A:$A,$A2,'All Articles'!$D:$D,D$1) | E2: =COUNTIFS('All Articles'!$A:$A,$A2,'All Articles'!$D:$D,E$1) | F2: =COUNTIFS('All Articles'!$A:$A,$A2,'All Articles'!$D:$D,F$1) | G2: =COUNTIFS('All Articles'!$A:$A,$A2,'All Articles'!$D:$D,G$1) | H2: =COUNTIFS('All Articles'!$A:$A,$A2,'All Articles'!$D:$D,H$1) | I2: =COUNTIFS('All Articles'!$A:$A,$A2,'All Articles'!$D:$D,I$1) | J2: =COUNTIFS('All Articles'!$A:$A,$A2,'All Articles'!$D:$D,J$1) | ... L2: =COUNTIFS('All Articles'!$A:$A,$A2,'All Articles'!$D:$D,L$1) | M2: =SUM(C2:L2) | N2: =COUNTIFS('All Articles'!$A:$A,$A2,'All Articles'!$K:$K,"Yes")
A3: 2024-02 | B3: Pre-withdrawal | C3: =COUNTIFS('All Articles'!$A:$A,$A3,'All Articles'!$D:$D,C$1) | D3: =COUNTIFS('All Articles'!$A:$A,$A3,'All Articles'!$D:$D,D$1) | E3: =COUNTIFS('All Articles'!$A:$A,$A3,'All Articles'!$D:$D,E$1) | F3: =COUNTIFS('All Articles'!$A:$A,$A3,'All Articles'!$D:$D,F$1) | G3: =COUNTIFS('All Articles'!$A:$A,$A3,'All Articles'!$D:$D,G$1) | H3: =COUNTIFS('All Articles'!$A:$A,$A3,'All Articles'!$D:$D,H$1) | I3: =COUNTIFS('All Articles'!$A:$A,$A3,'All Articles'!$D:$D,I$1) | J3: =COUNTIFS('All Articles'!$A:$A,$A3,'All Articles'!$D:$D,J$1) | ... L3: =COUNTIFS('All Articles'!$A:$A,$A3,'All Articles'!$D:$D,L$1) | M3: =SUM(C3:L3) | N3: =COUNTIFS('All Articles'!$A:$A,$A3,'All Articles'!$K:$K,"Yes")
A4: 2024-03 | B4: Pre-withdrawal | C4: =COUNTIFS('All Articles'!$A:$A,$A4,'All Articles'!$D:$D,C$1) | D4: =COUNTIFS('All Articles'!$A:$A,$A4,'All Articles'!$D:$D,D$1) | E4: =COUNTIFS('All Articles'!$A:$A,$A4,'All Articles'!$D:$D,E$1) | F4: =COUNTIFS('All Articles'!$A:$A,$A4,'All Articles'!$D:$D,F$1) | G4: =COUNTIFS('All Articles'!$A:$A,$A4,'All Articles'!$D:$D,G$1) | H4: =COUNTIFS('All Articles'!$A:$A,$A4,'All Articles'!$D:$D,H$1) | I4: =COUNTIFS('All Articles'!$A:$A,$A4,'All Articles'!$D:$D,I$1) | J4: =COUNTIFS('All Articles'!$A:$A,$A4,'All Articles'!$D:$D,J$1) | ... L4: =COUNTIFS('All Articles'!$A:$A,$A4,'All Articles'!$D:$D,L$1) | M4: =SUM(C4:L4) | N4: =COUNTIFS('All Articles'!$A:$A,$A4,'All Articles'!$K:$K,"Yes")
A5: 2024-04 | B5: Pre-withdrawal | C5: =COUNTIFS('All Articles'!$A:$A,$A5,'All Articles'!$D:$D,C$1) | D5: =COUNTIFS('All Articles'!$A:$A,$A5,'All Articles'!$D:$D,D$1) | E5: =COUNTIFS('All Articles'!$A:$A,$A5,'All Articles'!$D:$D,E$1) | F5: =COUNTIFS('All Articles'!$A:$A,$A5,'All Articles'!$D:$D,F$1) | G5: =COUNTIFS('All Articles'!$A:$A,$A5,'All Articles'!$D:$D,G$1) | H5: =COUNTIFS('All Articles'!$A:$A,$A5,'All Articles'!$D:$D,H$1) | I5: =COUNTIFS('All Articles'!$A:$A,$A5,'All Articles'!$D:$D,I$1) | J5: =COUNTIFS('All Articles'!$A:$A,$A5,'All Articles'!$D:$D,J$1) | ... L5: =COUNTIFS('All Articles'!$A:$A,$A5,'All Articles'!$D:$D,L$1) | M5: =SUM(C5:L5) | N5: =COUNTIFS('All Articles'!$A:$A,$A5,'All Articles'!$K:$K,"Yes")
A6: 2024-05 | B6: Pre-withdrawal | C6: =COUNTIFS('All Articles'!$A:$A,$A6,'All Articles'!$D:$D,C$1) | D6: =COUNTIFS('All Articles'!$A:$A,$A6,'All Articles'!$D:$D,D$1) | E6: =COUNTIFS('All Articles'!$A:$A,$A6,'All Articles'!$D:$D,E$1) | F6: =COUNTIFS('All Articles'!$A:$A,$A6,'All Articles'!$D:$D,F$1) | G6: =COUNTIFS('All Articles'!$A:$A,$A6,'All Articles'!$D:$D,G$1) | H6: =COUNTIFS('All Articles'!$A:$A,$A6,'All Articles'!$D:$D,H$1) | I6: =COUNTIFS('All Articles'!$A:$A,$A6,'All Articles'!$D:$D,I$1) | J6: =COUNTIFS('All Articles'!$A:$A,$A6,'All Articles'!$D:$D,J$1) | ... L6: =COUNTIFS('All Articles'!$A:$A,$A6,'All Articles'!$D:$D,L$1) | M6: =SUM(C6:L6) | N6: =COUNTIFS('All Articles'!$A:$A,$A6,'All Articles'!$K:$K,"Yes")
A7: 2024-06 | B7: Pre-withdrawal | C7: =COUNTIFS('All Articles'!$A:$A,$A7,'All Articles'!$D:$D,C$1) | D7: =COUNTIFS('All Articles'!$A:$A,$A7,'All Articles'!$D:$D,D$1) | E7: =COUNTIFS('All Articles'!$A:$A,$A7,'All Articles'!$D:$D,E$1) | F7: =COUNTIFS('All Articles'!$A:$A,$A7,'All Articles'!$D:$D,F$1) | G7: =COUNTIFS('All Articles'!$A:$A,$A7,'All Articles'!$D:$D,G$1) | H7: =COUNTIFS('All Articles'!$A:$A,$A7,'All Articles'!$D:$D,H$1) | I7: =COUNTIFS('All Articles'!$A:$A,$A7,'All Articles'!$D:$D,I$1) | J7: =COUNTIFS('All Articles'!$A:$A,$A7,'All Articles'!$D:$D,J$1) | ... L7: =COUNTIFS('All Articles'!$A:$A,$A7,'All Articles'!$D:$D,L$1) | M7: =SUM(C7:L7) | N7: =COUNTIFS('All Articles'!$A:$A,$A7,'All Articles'!$K:$K,"Yes")
A8: 2024-07 | B8: Pre-withdrawal | C8: =COUNTIFS('All Articles'!$A:$A,$A8,'All Articles'!$D:$D,C$1) | D8: =COUNTIFS('All Articles'!$A:$A,$A8,'All Articles'!$D:$D,D$1) | E8: =COUNTIFS('All Articles'!$A:$A,$A8,'All Articles'!$D:$D,E$1) | F8: =COUNTIFS('All Articles'!$A:$A,$A8,'All Articles'!$D:$D,F$1) | G8: =COUNTIFS('All Articles'!$A:$A,$A8,'All Articles'!$D:$D,G$1) | H8: =COUNTIFS('All Articles'!$A:$A,$A8,'All Articles'!$D:$D,H$1) | I8: =COUNTIFS('All Articles'!$A:$A,$A8,'All Articles'!$D:$D,I$1) | J8: =COUNTIFS('All Articles'!$A:$A,$A8,'All Articles'!$D:$D,J$1) | ... L8: =COUNTIFS('All Articles'!$A:$A,$A8,'All Articles'!$D:$D,L$1) | M8: =SUM(C8:L8) | N8: =COUNTIFS('All Articles'!$A:$A,$A8,'All Articles'!$K:$K,"Yes")
A9: 2024-08 | B9: Pre-withdrawal | C9: =COUNTIFS('All Articles'!$A:$A,$A9,'All Articles'!$D:$D,C$1) | D9: =COUNTIFS('All Articles'!$A:$A,$A9,'All Articles'!$D:$D,D$1) | E9: =COUNTIFS('All Articles'!$A:$A,$A9,'All Articles'!$D:$D,E$1) | F9: =COUNTIFS('All Articles'!$A:$A,$A9,'All Articles'!$D:$D,F$1) | G9: =COUNTIFS('All Articles'!$A:$A,$A9,'All Articles'!$D:$D,G$1) | H9: =COUNTIFS('All Articles'!$A:$A,$A9,'All Articles'!$D:$D,H$1) | I9: =COUNTIFS('All Articles'!$A:$A,$A9,'All Articles'!$D:$D,I$1) | J9: =COUNTIFS('All Articles'!$A:$A,$A9,'All Articles'!$D:$D,J$1) | ... L9: =COUNTIFS('All Articles'!$A:$A,$A9,'All Articles'!$D:$D,L$1) | M9: =SUM(C9:L9) | N9: =COUNTIFS('All Articles'!$A:$A,$A9,'All Articles'!$K:$K,"Yes")
A10: 2024-09 | B10: Pre-withdrawal | C10: =COUNTIFS('All Articles'!$A:$A,$A10,'All Articles'!$D:$D,C$1) | D10: =COUNTIFS('All Articles'!$A:$A,$A10,'All Articles'!$D:$D,D$1) | E10: =COUNTIFS('All Articles'!$A:$A,$A10,'All Articles'!$D:$D,E$1) | F10: =COUNTIFS('All Articles'!$A:$A,$A10,'All Articles'!$D:$D,F$1) | G10: =COUNTIFS('All Articles'!$A:$A,$A10,'All Articles'!$D:$D,G$1) | H10: =COUNTIFS('All Articles'!$A:$A,$A10,'All Articles'!$D:$D,H$1) | I10: =COUNTIFS('All Articles'!$A:$A,$A10,'All Articles'!$D:$D,I$1) | J10: =COUNTIFS('All Articles'!$A:$A,$A10,'All Articles'!$D:$D,J$1) | ... L10: =COUNTIFS('All Articles'!$A:$A,$A10,'All Articles'!$D:$D,L$1) | M10: =SUM(C10:L10) | N10: =COUNTIFS('All Articles'!$A:$A,$A10,'All Articles'!$K:$K,"Yes")
A11: 2024-10 | B11: Pre-withdrawal | C11: =COUNTIFS('All Articles'!$A:$A,$A11,'All Articles'!$D:$D,C$1) | D11: =COUNTIFS('All Articles'!$A:$A,$A11,'All Articles'!$D:$D,D$1) | E11: =COUNTIFS('All Articles'!$A:$A,$A11,'All Articles'!$D:$D,E$1) | F11: =COUNTIFS('All Articles'!$A:$A,$A11,'All Articles'!$D:$D,F$1) | G11: =COUNTIFS('All Articles'!$A:$A,$A11,'All Articles'!$D:$D,G$1) | H11: =COUNTIFS('All Articles'!$A:$A,$A11,'All Articles'!$D:$D,H$1) | I11: =COUNTIFS('All Articles'!$A:$A,$A11,'All Articles'!$D:$D,I$1) | J11: =COUNTIFS('All Articles'!$A:$A,$A11,'All Articles'!$D:$D,J$1) | ... L11: =COUNTIFS('All Articles'!$A:$A,$A11,'All Articles'!$D:$D,L$1) | M11: =SUM(C11:L11) | N11: =COUNTIFS('All Articles'!$A:$A,$A11,'All Articles'!$K:$K,"Yes")
A12: 2024-11 | B12: Pre-withdrawal | C12: =COUNTIFS('All Articles'!$A:$A,$A12,'All Articles'!$D:$D,C$1) | D12: =COUNTIFS('All Articles'!$A:$A,$A12,'All Articles'!$D:$D,D$1) | E12: =COUNTIFS('All Articles'!$A:$A,$A12,'All Articles'!$D:$D,E$1) | F12: =COUNTIFS('All Articles'!$A:$A,$A12,'All Articles'!$D:$D,F$1) | G12: =COUNTIFS('All Articles'!$A:$A,$A12,'All Articles'!$D:$D,G$1) | H12: =COUNTIFS('All Articles'!$A:$A,$A12,'All Articles'!$D:$D,H$1) | I12: =COUNTIFS('All Articles'!$A:$A,$A12,'All Articles'!$D:$D,I$1) | J12: =COUNTIFS('All Articles'!$A:$A,$A12,'All Articles'!$D:$D,J$1) | ... L12: =COUNTIFS('All Articles'!$A:$A,$A12,'All Articles'!$D:$D,L$1) | M12: =SUM(C12:L12) | N12: =COUNTIFS('All Articles'!$A:$A,$A12,'All Articles'!$K:$K,"Yes")
A13: 2024-12 | B13: Pre-withdrawal | C13: =COUNTIFS('All Articles'!$A:$A,$A13,'All Articles'!$D:$D,C$1) | D13: =COUNTIFS('All Articles'!$A:$A,$A13,'All Articles'!$D:$D,D$1) | E13: =COUNTIFS('All Articles'!$A:$A,$A13,'All Articles'!$D:$D,E$1) | F13: =COUNTIFS('All Articles'!$A:$A,$A13,'All Articles'!$D:$D,F$1) | G13: =COUNTIFS('All Articles'!$A:$A,$A13,'All Articles'!$D:$D,G$1) | H13: =COUNTIFS('All Articles'!$A:$A,$A13,'All Articles'!$D:$D,H$1) | I13: =COUNTIFS('All Articles'!$A:$A,$A13,'All Articles'!$D:$D,I$1) | J13: =COUNTIFS('All Articles'!$A:$A,$A13,'All Articles'!$D:$D,J$1) | ... L13: =COUNTIFS('All Articles'!$A:$A,$A13,'All Articles'!$D:$D,L$1) | M13: =SUM(C13:L13) | N13: =COUNTIFS('All Articles'!$A:$A,$A13,'All Articles'!$K:$K,"Yes")
... A30: 2026-05 | B30: Post-withdrawal | C30: =COUNTIFS('All Articles'!$A:$A,$A30,'All Articles'!$D:$D,C$1) | D30: =COUNTIFS('All Articles'!$A:$A,$A30,'All Articles'!$D:$D,D$1) | E30: =COUNTIFS('All Articles'!$A:$A,$A30,'All Articles'!$D:$D,E$1) | F30: =COUNTIFS('All Articles'!$A:$A,$A30,'All Articles'!$D:$D,F$1) | G30: =COUNTIFS('All Articles'!$A:$A,$A30,'All Articles'!$D:$D,G$1) | H30: =COUNTIFS('All Articles'!$A:$A,$A30,'All Articles'!$D:$D,H$1) | I30: =COUNTIFS('All Articles'!$A:$A,$A30,'All Articles'!$D:$D,I$1) | J30: =COUNTIFS('All Articles'!$A:$A,$A30,'All Articles'!$D:$D,J$1) | ... L30: =COUNTIFS('All Articles'!$A:$A,$A30,'All Articles'!$D:$D,L$1) | M30: =SUM(C30:L30) | N30: =COUNTIFS('All Articles'!$A:$A,$A30,'All Articles'!$K:$K,"Yes")
A31: Total | C31: =SUM(C2:C30) | D31: =SUM(D2:D30) | E31: =SUM(E2:E30) | F31: =SUM(F2:F30) | G31: =SUM(G2:G30) | H31: =SUM(H2:H30) | I31: =SUM(I2:I30) | J31: =SUM(J2:J30) | ... N31: =SUM(N2:N30)
A33: Undated articles | C33: =COUNTIFS('All Articles'!$A:$A,"Undated")
A35: Period | C35: USA | D35: Canada | E35: China | F35: UK | G35: EU | H35: Singapore | I35: India | J35: Hong Kong | K35: New Zealand | L35: South Korea | M35: Total
A36: Pre-withdrawal | C36: =COUNTIFS('All Articles'!$C:$C,$A36,'All Articles'!$D:$D,C$35) | D36: =COUNTIFS('All Articles'!$C:$C,$A36,'All Articles'!$D:$D,D$35) | E36: =COUNTIFS('All Articles'!$C:$C,$A36,'All Articles'!$D:$D,E$35) | F36: =COUNTIFS('All Articles'!$C:$C,$A36,'All Articles'!$D:$D,F$35) | G36: =COUNTIFS('All Articles'!$C:$C,$A36,'All Articles'!$D:$D,G$35) | H36: =COUNTIFS('All Articles'!$C:$C,$A36,'All Articles'!$D:$D,H$35) | I36: =COUNTIFS('All Articles'!$C:$C,$A36,'All Articles'!$D:$D,I$35) | J36: =COUNTIFS('All Articles'!$C:$C,$A36,'All Articles'!$D:$D,J$35) | ... L36: =COUNTIFS('All Articles'!$C:$C,$A36,'All Articles'!$D:$D,L$35) | M36: =SUM(C36:L36)
A37: Transition | C37: =COUNTIFS('All Articles'!$C:$C,$A37,'All Articles'!$D:$D,C$35) | D37: =COUNTIFS('All Articles'!$C:$C,$A37,'All Articles'!$D:$D,D$35) | E37: =COUNTIFS('All Articles'!$C:$C,$A37,'All Articles'!$D:$D,E$35) | F37: =COUNTIFS('All Articles'!$C:$C,$A37,'All Articles'!$D:$D,F$35) | G37: =COUNTIFS('All Articles'!$C:$C,$A37,'All Articles'!$D:$D,G$35) | H37: =COUNTIFS('All Articles'!$C:$C,$A37,'All Articles'!$D:$D,H$35) | I37: =COUNTIFS('All Articles'!$C:$C,$A37,'All Articles'!$D:$D,I$35) | J37: =COUNTIFS('All Articles'!$C:$C,$A37,'All Articles'!$D:$D,J$35) | ... L37: =COUNTIFS('All Articles'!$C:$C,$A37,'All Articles'!$D:$D,L$35) | M37: =SUM(C37:L37)
A38: Post-withdrawal | C38: =COUNTIFS('All Articles'!$C:$C,$A38,'All Articles'!$D:$D,C$35) | D38: =COUNTIFS('All Articles'!$C:$C,$A38,'All Articles'!$D:$D,D$35) | E38: =COUNTIFS('All Articles'!$C:$C,$A38,'All Articles'!$D:$D,E$35) | F38: =COUNTIFS('All Articles'!$C:$C,$A38,'All Articles'!$D:$D,F$35) | G38: =COUNTIFS('All Articles'!$C:$C,$A38,'All Articles'!$D:$D,G$35) | H38: =COUNTIFS('All Articles'!$C:$C,$A38,'All Articles'!$D:$D,H$35) | I38: =COUNTIFS('All Articles'!$C:$C,$A38,'All Articles'!$D:$D,I$35) | J38: =COUNTIFS('All Articles'!$C:$C,$A38,'All Articles'!$D:$D,J$35) | ... L38: =COUNTIFS('All Articles'!$C:$C,$A38,'All Articles'!$D:$D,L$35) | M38: =SUM(C38:L38)

Sheet All Articles
A1: Month | B1: Date | C1: Period | D1: Country | E1: Source Type | F1: Site | G1: Title | H1: URL | I1: Matched Keywords | J1: Keyword Count | K1: Strong Match | L1: Minister/Person Country | M1: Date Source | N1: Word Count | O1: Regulatory Bodies hits | P1: Adjective Indicators hits | Q1: Organizations/Alliances hits | R1: Event/Person hits
A2: 2024-01 | B2: 45298 | C2: Pre-withdrawal | D2: Hong Kong | E2: Govt press release | F2: info.gov.hk | G2: HKETO, Brussels supports Belgian sports event and promotes Hong Kong as a green and dynamic city (with photos) | H2: https://www.info.gov.hk/gia/general/202401/07/P2024010500085.htm | I2: green | J2: 1 | K2: No | M2: url | N2: 215 | P2: green
A3: 2024-01 | B3: 45307 | C3: Pre-withdrawal | D3: New Zealand | E3: Ministry of Environment | F3: environment.govt.nz | G3: Key initiatives | H3: https://environment.govt.nz/what-government-is-doing/key-initiatives/ | I3: Environment | J3: 1 | K3: No | M3: page metadata | N3: 128 | P3: Environment
A4: 2024-01 | B4: 45308 | C4: Pre-withdrawal | D4: Hong Kong | E4: Govt press release | F4: info.gov.hk | G4: 35th Meeting of APEC Expert Group on Energy Data and Analysis held in Hong Kong (with photos) | H4: https://www.info.gov.hk/gia/general/202401/17/P2024011700283.htm | I4: Climate; Climate Change; Environment; Tse Chin-Wan; carbon; carbon emissions; emissions; energy; transition | J4: 9 | K4: Yes | L4: Hong Kong | M4: url | N4: 444 | P4: Climate; Climate Change; Environment; carbon; carbon emissions; emissions; energy; transition | R4: Tse Chin-Wan
A5: 2024-01 | B5: 45310 | C5: Pre-withdrawal | D5: Hong Kong | E5: Govt press release | F5: info.gov.hk | G5: Prefabrication of modules for waste-to-energy facility IÂ·PARK1 completed (with photos) | H5: https://www.info.gov.hk/gia/general/202401/19/P2024011900367.htm | I5: Climate; carbon; energy | J5: 3 | K5: Yes | M5: url | N5: 383 | P5: Climate; carbon; energy
A6: 2024-01 | B6: 45310 | C6: Pre-withdrawal | D6: Hong Kong | E6: Govt press release | F6: info.gov.hk | G6: Public should take precautionary measures against carbon monoxide poisoning | H6: https://www.info.gov.hk/gia/general/202401/19/P2024011900709.htm | I6: carbon | J6: 1 | K6: No | M6: url | N6: 412 | P6: carbon
A7: 2024-01 | B7: 45315 | C7: Pre-withdrawal | D7: Hong Kong | E7: Govt press release | F7: info.gov.hk | G7: Asian Financial Forum explores strategies on sustainable economic development and opportunities of multilateral co-operation (with photos/videos) | H7: https://www.info.gov.hk/gia/general/202401/24/P2024012400767.htm | I7: Climate; Environment; Green Finance; Sustainability; Sustainable Economic Development; green; transition | J7: 7 | K7: Yes | M7: url | N7: 1391 | P7: Climate; Environment; Green Finance; Sustainability; Sustainable Economic Development; green; transition
A8: 2024-01 | B8: 45315 | C8: Pre-withdrawal | D8: Hong Kong | E8: Govt press release | F8: info.gov.hk | G8: LCQ19: Modern waste-to-energy incinerators | H8: https://www.info.gov.hk/gia/general/202401/24/P2024012400274.htm | I8: Temperature; emissions; energy; green; renewable energy | J8: 5 | K8: Yes | M8: url | N8: 1159 | P8: Temperature; emissions; energy; green; renewable energy
A9: 2024-01 | B9: 45316 | C9: Pre-withdrawal | D9: Hong Kong | E9: Govt press release | F9: info.gov.hk | G9: Opening remarks by Permanent Secretary for Financial Services and the Treasury (Financial Services) at Asian Financial Forum Thematic Workshop on Hong Kong - Financing Asia's Real Economy Net-Zero Transition (English only) (with photos) | H9: https://www.info.gov.hk/gia/general/202401/25/P2024012500654.htm | I9: COP; Climate; Climate Change; ESG; Environment; Green Finance; ISSB; Sustainability; Sustainability Reporting; Temperature; carbon; carbon credits; emissions; green; greenhouse gas; transition | J9: 16 | K9: Yes | M9: url | N9: 1907 | O9: ISSB | P9: Climate; Climate Change; ESG; Environment; Green Finance; Sustainability; Sustainability Reporting; Temperature; carbon; carbon credits; emissions; green; greenhouse gas; transition | Q9: COP
A10: 2024-01 | B10: 45317 | C10: Pre-withdrawal | D10: Hong Kong | E10: Govt press release | F10: info.gov.hk | G10: Statement by Environment and Conservation Fund Committee on implementation of municipal solid waste charging scheme in Hong Kong | H10: https://www.info.gov.hk/gia/general/202401/26/P2024012600638.htm | I10: Environment | J10: 1 | K10: No | M10: url | N10: 387 | P10: Environment
A11: 2024-01 | B11: 45320 | C11: Pre-withdrawal | D11: Hong Kong | E11: Govt press release | F11: info.gov.hk | G11: Public should take precautionary measures against carbon monoxide poisoning | H11: https://www.info.gov.hk/gia/general/202401/29/P2024012900732.htm | I11: carbon | J11: 1 | K11: No | M11: url | N11: 393 | P11: carbon
A12: 2024-01 | B12: 45322 | C12: Pre-withdrawal | D12: Hong Kong | E12: Govt press release | F12: info.gov.hk | G12: Statement by Council for Carbon Neutrality and Sustainable Development on implementation of municipal solid waste charging scheme in Hong Kong | H12: https://www.info.gov.hk/gia/general/202401/31/P2024013100350.htm | I12: carbon; carbon emissions; emissions; energy; green | J12: 5 | K12: Yes | M12: url | N12: 356 | P12: carbon; carbon emissions; emissions; energy; green
A13: 2024-02 | B13: 45324 | C13: Pre-withdrawal | D13: Hong Kong | E13: Govt press release | F13: info.gov.hk | G13: Public should take precautionary measures against carbon monoxide poisoning | H13: https://www.info.gov.hk/gia/general/202402/02/P2024020200552.htm | I13: carbon | J13: 1 | K13: No | M13: url | N13: 531 | P13: carbon
A14: 2024-02 | B14: 45324 | C14: Pre-withdrawal | D14: Hong Kong | E14: Govt press release | F14: info.gov.hk | G14: Special operational arrangements for GREEN@COMMUNITY facilities during Lunar New Year holidays | H14: https://www.info.gov.hk/gia/general/202402/02/P2024020200651.htm | I14: Environment; green | J14: 2 | K14: No | M14: url | N14: 315 | P14: Environment; green
A15: 2024-02 | B15: 45327 | C15: Pre-withdrawal | D15: Hong Kong | E15: Govt press release | F15: info.gov.hk | G15: Government urges public to stop using "energy-saving ring" on gas cookers to avoid carbon monoxide poisoning | H15: https://www.info.gov.hk/gia/general/202402/05/P2024020500512.htm | I15: carbon; emissions; energy | J15: 3 | K15: Yes | M15: url | N15: 500 | P15: carbon; emissions; energy
A16: 2024-02 | B16: 45329 | C16: Pre-withdrawal | D16: Hong Kong | E16: Govt press release | F16: info.gov.hk | G16: HKSAR Government's Digital Green Bonds Offering | H16: https://www.info.gov.hk/gia/general/202402/07/P2024020700516.htm | I16: Transparency; green | J16: 2 | K16: No | M16: url | N16: 1273 | P16: Transparency; green
A17: 2024-02 | B17: 45345 | C17: Pre-withdrawal | D17: Hong Kong | E17: Govt press release | F17: info.gov.hk | G17: Qualifying standards for environment-friendly commercial vehicles to remain unchanged from April 2024 to March 2025 | H17: https://www.info.gov.hk/gia/general/202402/23/P2024022300280.htm | I17: Environment; emissions | J17: 2 | K17: No | M17: url | N17: 120 | P17: Environment; emissions
A18: 2024-02 | B18: 45345 | C18: Pre-withdrawal | D18: Hong Kong | E18: Govt press release | F18: info.gov.hk | G18: SEE officiates at opening ceremony of GREEN@TSING YI (with photos) | H18: https://www.info.gov.hk/gia/general/202402/23/P2024022200349.htm | I18: carbon; green | J18: 2 | K18: No | M18: url | N18: 366 | P18: carbon; green
A19: 2024-02 | B19: 45350 | C19: Pre-withdrawal | D19: Hong Kong | E19: Govt press release | F19: info.gov.hk | G19: LCQ12: Operation of the community recycling network GREEN@COMMUNITY | H19: https://www.info.gov.hk/gia/general/202402/28/P2024022800306.htm | I19: Environment; green | J19: 2 | K19: No | M19: url | N19: 2304 | P19: Environment; green
A20: 2024-02 | B20: 45351 | C20: Pre-withdrawal | D20: Hong Kong | E20: Govt press release | F20: info.gov.hk | G20: Government to introduce resolution to set borrowing limit at $500 billion for expanded Government Green Bond Programme and new Infrastructure Bond Programme | H20: https://www.info.gov.hk/gia/general/202402/29/P2024022900260.htm | I20: Climate; Climate Change; Green Finance; green | J20: 4 | K20: No | M20: url | N20: 303 | P20: Climate; Climate Change; Green Finance; green
A21: 2024-02 | B21: 45351 | C21: Pre-withdrawal | D21: Hong Kong | E21: Govt press release | F21: info.gov.hk | G21: Housing Bureau holds seminar themed "Leveraging BuildTech and Green Finance in Public Housing" today to support Green Week (with photos) | H21: https://www.info.gov.hk/gia/general/202402/29/P2024022900351.htm | I21: Green Finance; Sustainability; green | J21: 3 | K21: No | M21: url | N21: 325 | P21: Green Finance; Sustainability; green
... A28: 2026-03 | B28: 46108 | C28: Post-withdrawal | D28: New Zealand | E28: Ministry of Environment | F28: environment.govt.nz | G28: Calculate your emissions | H28: https://environment.govt.nz/what-you-can-do/calculate-your-emissions/ | I28: Environment; emissions | J28: 2 | K28: No | M28: page metadata | N28: 115 | P28: Environment; emissions
A29: 2026-04 | B29: 46121 | C29: Post-withdrawal | D29: Canada | E29: Ministry of Environment | F29: canada.ca | G29: Canada to launch hybrid AI weather model to strengthen forecasting for severe weather | H29: https://www.canada.ca/en/environment-climate-change/news/2026/04/canada-to-launch-hybrid-ai-weather-model-to-strengthen-forecasting-for-severe-weather.html | I29: Climate; Climate Change; Environment; Julie Dabrusin; Temperature | J29: 5 | K29: Yes | L29: Canada | M29: page metadata | N29: 753 | P29: Climate; Climate Change; Environment; Temperature | R29: Julie Dabrusin
A30: 2026-04 | B30: 46128 | C30: Post-withdrawal | D30: Canada | E30: Ministry of Environment | F30: canada.ca | G30: Environment and Climate Change Canada to hold a technical briefing ahead of the Petersberg Climate Dialogue and the G7 Environment Ministers’ Meeting | H30: https://www.canada.ca/en/environment-climate-change/news/2026/04/environment-and-climate-change-canada-to-hold-a-technical-briefing-ahead-of-the-petersberg-climate-dialogue-and-the-g7-environment-ministers-meeting.html | I30: Climate; Climate Change; Environment | J30: 3 | K30: No | M30: page metadata | N30: 187 | P30: Climate; Climate Change; Environment
A31: 2026-04 | B31: 46129 | C31: Post-withdrawal | D31: Canada | E31: Ministry of Environment | F31: canada.ca | G31: Minister Dabrusin to champion climate competitiveness, clean growth, and nature protection at G7 | H31: https://www.canada.ca/en/environment-climate-change/news/2026/04/minister-dabrusin-to-champion-climate-competitiveness-clean-growth-and-nature-protection-at-g7.html | I31: COP; Climate; Climate Change; Environment; Julie Dabrusin; commitments; emissions; energy; transition | J31: 9 | K31: Yes | L31: Canada | M31: page metadata | N31: 852 | P31: Climate; Climate Change; Environment; commitments; emissions; energy; transition | Q31: COP | R31: Julie Dabrusin
A32: 2026-04 | B32: 46135 | C32: Post-withdrawal | D32: Canada | E32: Ministry of Environment | F32: canada.ca | G32: Parliamentary Secretary Myles to highlight Canada’s new nature strategy in Fredericton | H32: https://www.canada.ca/en/environment-climate-change/news/2026/04/parliamentary-secretary-myles-to-highlight-canadas-new-nature-strategy-in-fredericton.html | I32: Climate; Climate Change; Environment; Julie Dabrusin; Nathalie Provost | J32: 5 | K32: Yes | L32: Canada | M32: page metadata | N32: 163 | P32: Climate; Climate Change; Environment | R32: Julie Dabrusin; Nathalie Provost
A33: 2026-04 | B33: 46136 | C33: Post-withdrawal | D33: Canada | E33: Ministry of Environment | F33: canada.ca | G33: A Force of Nature: Canada’s Strategy to Protect Nature | H33: https://www.canada.ca/en/environment-climate-change/news/2026/04/a-force-of-nature-canadas-strategy-to-protect-nature.html | I33: Climate; Climate Change; Environment; Julie Dabrusin; Nathalie Provost; commitments; energy | J33: 7 | K33: Yes | L33: Canada | M33: page metadata | N33: 958 | P33: Climate; Climate Change; Environment; commitments; energy | R33: Julie Dabrusin; Nathalie Provost
A34: 2026-04 | B34: 46136 | C34: Post-withdrawal | D34: Canada | E34: Ministry of Environment | F34: canada.ca | G34: A Force of Nature: Canada’s Strategy to Protect Nature | H34: https://www.canada.ca/en/environment-climate-change/news/2026/04/a-force-of-nature-canadas-strategy-to-protect-nature0.html | I34: carbon; energy | J34: 2 | K34: No | M34: page metadata | N34: 925 | P34: carbon; energy
A35: 2026-04 | B35: 46136 | C35: Post-withdrawal | D35: Canada | E35: Ministry of Environment | F35: canada.ca | G35: Canada and Japan launch new actions to tackle methane, plastic pollution, and biodiversity loss | H35: https://www.canada.ca/en/environment-climate-change/news/2026/04/canada-and-japan-launch-new-actions-to-tackle-methane-plastic-pollution-and-biodiversity-loss.html | I35: COP; Climate; Climate Change; Environment; Julie Dabrusin; Paris Agreement; commitments; emissions; energy; transition | J35: 10 | K35: Yes | L35: Canada | M35: page metadata | N35: 773 | P35: Climate; Climate Change; Environment; commitments; emissions; energy; transition | Q35: COP; Paris Agreement | R35: Julie Dabrusin
A36: 2026-04 | B36: 46136 | C36: Post-withdrawal | D36: Canada | E36: Ministry of Environment | F36: canada.ca | G36: Minister Dabrusin champions a resilient, sustainable future at international environment talks | H36: https://www.canada.ca/en/environment-climate-change/news/2026/04/minister-dabrusin-champions-a-resilient-sustainable-future-at-international-environment-talks.html | I36: CBAM; COP; Climate; Climate Change; Environment; Julie Dabrusin; Paris Agreement; carbon; commitments; emissions; energy; greenhouse gas; renewable energy; transition | J36: 14 | K36: Yes | L36: Canada | M36: page metadata | N36: 1144 | O36: CBAM | P36: Climate; Climate Change; Environment; carbon; commitments; emissions; energy; greenhouse gas; renewable energy; transition | Q36: COP; Paris Agreement | R36: Julie Dabrusin
A37: 2026-05 | B37: 46149 | C37: Post-withdrawal | D37: Canada | E37: Ministry of Environment | F37: canada.ca | G37: Secretary of State (Nature) Nathalie Provost will highlight Canada’s new nature strategy in the Estrie region | H37: https://www.canada.ca/en/environment-climate-change/news/2026/05/secretary-of-state-nature-nathalie-provost-will-highlight-canadas-new-nature-strategy-in-the-estrie-region.html | I37: Climate; Climate Change; Environment; Julie Dabrusin; Nathalie Provost | J37: 5 | K37: Yes | L37: Canada | M37: page metadata | N37: 168 | P37: Climate; Climate Change; Environment | R37: Julie Dabrusin; Nathalie Provost
A38: 2026-05 | B38: 46149 | C38: Post-withdrawal | D38: UK | E38: Ministry of Environment | F38: gov.uk | G38: WF6 1TP, Citron Hygiene UK Limited: environmental surrender issued - EPR/WE0090AB/S004 | H38: https://www.gov.uk/government/publications/wf6-1tp-citron-hygiene-uk-limited-environmental-surrender-issued-eprwe0090abs004 | I38: Environment; emissions | J38: 2 | K38: No | M38: GOV.UK API | N38: 73 | P38: Environment; emissions
A39: 2026-05 | B39: 46150 | C39: Post-withdrawal | D39: Canada | E39: Ministry of Environment | F39: canada.ca | G39: A Force of Nature: Canada’s Strategy to Protect Nature | H39: https://www.canada.ca/en/environment-climate-change/news/2026/05/a-force-of-nature-canadas-strategy-to-protect-nature.html | I39: Climate; Climate Change; Environment; Julie Dabrusin; Nathalie Provost; Sustainable Economy; commitments; energy | J39: 8 | K39: Yes | L39: Canada | M39: page metadata | N39: 1187 | P39: Climate; Climate Change; Environment; Sustainable Economy; commitments; energy | R39: Julie Dabrusin; Nathalie Provost
A40: 2026-05 | B40: 46150 | C40: Post-withdrawal | D40: Canada | E40: Ministry of Environment | F40: canada.ca | G40: Minister Dabrusin’s statement on World Migratory Bird Day | H40: https://www.canada.ca/en/environment-climate-change/news/2026/05/minister-dabrusins-statement-on-world-migratory-bird-day.html | I40: Climate; Climate Change; Environment; Julie Dabrusin; commitments | J40: 5 | K40: Yes | L40: Canada | M40: page metadata | N40: 386 | P40: Climate; Climate Change; Environment; commitments | R40: Julie Dabrusin
A41: 2026-05 | B41: 46150 | C41: Post-withdrawal | D41: Canada | E41: Ministry of Environment | F41: canada.ca | G41: Transport Desgagnés Inc. fined $40,000 for Canada Wildlife Act violations in Nunavut | H41: https://www.canada.ca/en/environment-climate-change/news/2026/05/transport-desgagnes-inc-fined-40000-for-canada-wildlife-act-violations-in-nunavut.html | I41: Climate; Climate Change; Environment | J41: 3 | K41: No | M41: page metadata | N41: 569 | P41: Climate; Climate Change; Environment
A42: 2026-05 | B42: 46153 | C42: Post-withdrawal | D42: Canada | E42: Ministry of Environment | F42: canada.ca | G42: Secretary of State (Nature) Provost will highlight Canada’s new nature strategy in Victoria | H42: https://www.canada.ca/en/environment-climate-change/news/2026/05/secretary-of-state-nature-provost-will-highlight-canadas-new-nature-strategy-in-victoria.html | I42: Climate; Climate Change; Environment; Nathalie Provost | J42: 4 | K42: Yes | L42: Canada | M42: page metadata | N42: 144 | P42: Climate; Climate Change; Environment | R42: Nathalie Provost
A43: 2026-05 | B43: 46154 | C43: Post-withdrawal | D43: Canada | E43: Ministry of Environment | F43: canada.ca | G43: A Force of Nature: Canada’s Strategy to Protect Nature | H43: https://www.canada.ca/en/environment-climate-change/news/2026/05/a-force-of-nature-canadas-strategy-to-protect-nature0.html | I43: Climate; Climate Change; Environment; Julie Dabrusin; Nathalie Provost; commitments; energy | J43: 7 | K43: Yes | L43: Canada | M43: page metadata | N43: 938 | P43: Climate; Climate Change; Environment; commitments; energy | R43: Julie Dabrusin; Nathalie Provost
A44: 2026-05 | B44: 46154 | C44: Post-withdrawal | D44: Canada | E44: Ministry of Environment | F44: canada.ca | G44: Government of Canada supports six new research projects to explore impacts of plastic pollution on Indigenous communities | H44: https://www.canada.ca/en/environment-climate-change/news/2026/05/government-of-canada-supports-six-new-research-projects-to-explore-impacts-of-plastic-pollution-on-indigenous-communities.html | I44: Climate; Climate Change; Environment; Julie Dabrusin | J44: 4 | K44: Yes | L44: Canada | M44: page metadata | N44: 787 | P44: Climate; Climate Change; Environment | R44: Julie Dabrusin
A45: 2026-05 | B45: 46155 | C45: Post-withdrawal | D45: UK | E45: Ministry of Environment | F45: gov.uk | G45: Environment Agency puts brakes on illegal waste site | H45: https://www.gov.uk/government/news/environment-agency-puts-brakes-on-illegal-waste-site | I45: Environment | J45: 1 | K45: No | M45: GOV.UK API | N45: 450 | P45: Environment
A46: 2026-05 | B46: 46156 | C46: Post-withdrawal | D46: UK | E46: Ministry of Environment | F46: gov.uk | G46: Environment Agency Board members' terms extended | H46: https://www.gov.uk/government/news/environment-agency-board-members-terms-extended | I46: Circular; Circular Economy; Climate; Climate Change; Environment; Sustainability; energy; green; transition | J46: 9 | K46: Yes | M46: GOV.UK API | N46: 470 | P46: Circular; Circular Economy; Climate; Climate Change; Environment; Sustainability; energy; green; transition
A47: 2026-05 | B47: 46157 | C47: Post-withdrawal | D47: Canada | E47: Ministry of Environment | F47: canada.ca | G47: ArcelorMittal Exploitation Minière Canada s.e.n.c. fined $100 million for violating the Fisheries Act through illegal deposits of deleterious substances | H47: https://www.canada.ca/en/environment-climate-change/news/2026/05/arcelormittal-exploitation-miniere-canada-senc-fined-100-million-for-violating-the-fisheries-act-through-illegal-deposits-of-deleterious-substances.html | I47: Climate; Climate Change; Environment | J47: 3 | K47: No | M47: page metadata | N47: 730 | P47: Climate; Climate Change; Environment
A48: 2026-05 | B48: 46157 | C48: Post-withdrawal | D48: New Zealand | E48: Ministry of Environment | F48: environment.govt.nz | G48: Assessments for carbon removals | H48: https://environment.govt.nz/what-you-can-do/assessments-for-carbon-removals/ | I48: Climate; Climate Change; carbon; emissions; greenhouse gas | J48: 5 | K48: Yes | M48: page metadata | N48: 643 | P48: Climate; Climate Change; carbon; emissions; greenhouse gas
A49: 2026-05 | B49: 46157 | C49: Post-withdrawal | D49: UK | E49: Ministry of Environment | F49: gov.uk | G49: Environment Agency issues Angus Fire permit variation | H49: https://www.gov.uk/government/news/environment-agency-issues-angus-fire-permit-variation | I49: Environment | J49: 1 | K49: No | M49: GOV.UK API | N49: 532 | P49: Environment
A50: 2026-05 | B50: 46157 | C50: Post-withdrawal | D50: UK | E50: Ministry of Environment | F50: gov.uk | G50: Farmer fined after pollution kills a thousand fish | H50: https://www.gov.uk/government/news/farmer-fined-after-pollution-kills-a-thousand-fish | I50: Environment | J50: 1 | K50: No | M50: GOV.UK API | N50: 428 | P50: Environment
A51: 2026-05 | B51: 46159 | C51: Post-withdrawal | D51: UK | E51: Ministry of Environment | F51: gov.uk | G51: New reforms to stop waste criminals from exploiting loopholes | H51: https://www.gov.uk/government/news/new-reforms-to-stop-waste-criminals-from-exploiting-loopholes | I51: Environment | J51: 1 | K51: No | M51: GOV.UK API | N51: 911 | P51: Environment
A52: 2026-05 | B52: 46160 | C52: Post-withdrawal | D52: UK | E52: Ministry of Environment | F52: gov.uk | G52: BH23 6BG, Eco Sustainable Solutions Limited: environmental permit issued - EPR/GP3793FY/V019 | H52: https://www.gov.uk/government/publications/bh23-6bg-eco-sustainable-solutions-limited-environmental-permit-issued-eprgp3793fyv019 | I52: Environment; emissions | J52: 2 | K52: No | M52: GOV.UK API | N52: 77 | P52: Environment; emissions
A53: 2026-05 | B53: 46160 | C53: Post-withdrawal | D53: UK | E53: Ministry of Environment | F53: gov.uk | G53: Have your say on proposed change to permit at Hinkley Point C | H53: https://www.gov.uk/government/news/have-your-say-on-proposed-change-to-permit-at-hinkley-point-c | I53: Environment | J53: 1 | K53: No | M53: GOV.UK API | N53: 424 | P53: Environment
A54: 2026-05 | B54: 46160 | C54: Post-withdrawal | D54: UK | E54: Ministry of Environment | F54: gov.uk | G54: YO43 4EB, Mr Richard Towse and Mrs Helen Towse: environmental permit issued - EPR/ZP3432JX/V003 | H54: https://www.gov.uk/government/publications/yo43-4eb-mr-richard-towse-and---mrs-helen-towse-environmental-permit-issued-eprzp3432jxv003 | I54: Environment; emissions | J54: 2 | K54: No | M54: GOV.UK API | N54: 81 | P54: Environment; emissions
A55: 2026-05 | B55: 46161 | C55: Post-withdrawal | D55: UK | E55: Ministry of Environment | F55: gov.uk | G55: Third waste carrier convicted in Environment Agency operation | H55: https://www.gov.uk/government/news/third-waste-carrier-convicted-in-environment-agency-operation | I55: Environment | J55: 1 | K55: No | M55: GOV.UK API | N55: 499 | P55: Environment
A56: 2026-05 | B56: 46162 | C56: Post-withdrawal | D56: Canada | E56: Ministry of Environment | F56: canada.ca | G56: Environment and Climate Change Canada presents the 2026 hurricane season outlook | H56: https://www.canada.ca/en/environment-climate-change/news/2026/05/environment-and-climate-change-canada-presents-the-2026-hurricane-season-outlook.html | I56: Climate; Climate Change; Environment | J56: 3 | K56: No | M56: page metadata | N56: 176 | P56: Climate; Climate Change; Environment
A57: 2026-05 | B57: 46162 | C57: Post-withdrawal | D57: UK | E57: Ministry of Environment | F57: gov.uk | G57: Man arrested in connection with illegal waste dumping | H57: https://www.gov.uk/government/news/man-arrested-in-connection-with-illegal-waste-dumping | I57: Emma Reynolds; Environment | J57: 2 | K57: Yes | L57: UK | M57: GOV.UK API | N57: 504 | P57: Environment | R57: Emma Reynolds
A58: 2026-05 | B58: 46162 | C58: Post-withdrawal | D58: UK | E58: Ministry of Environment | F58: gov.uk | G58: N18 3AG, Londonenergy Ltd: permit surrender issued - EPR/YP3500LS/S002 | H58: https://www.gov.uk/government/publications/n18-3ag-londonenergy-ltd-permit-surrender-issued-epryp3500lss002 | I58: Environment; emissions | J58: 2 | K58: No | M58: GOV.UK API | N58: 68 | P58: Environment; emissions
A59: 2026-05 | B59: 46162 | C59: Post-withdrawal | D59: UK | E59: Ministry of Environment | F59: gov.uk | G59: Science shows how tackling pollution now can protect Windermere's future | H59: https://www.gov.uk/government/news/science-shows-how-tackling-pollution-now-can-protect-windermeres-future | I59: Climate; Climate Change; Environment; green | J59: 4 | K59: Yes | M59: GOV.UK API | N59: 697 | P59: Climate; Climate Change; Environment; green
A60: 2026-05 | B60: 46163 | C60: Post-withdrawal | D60: Canada | E60: Ministry of Environment | F60: canada.ca | G60: Government of Canada prepares Canadians for upcoming hurricane season | H60: https://www.canada.ca/en/environment-climate-change/news/2026/05/government-of-canada-prepares-canadians-for-upcoming-hurricane-season.html | I60: Climate; Climate Change; Environment; Julie Dabrusin; Temperature | J60: 5 | K60: Yes | L60: Canada | M60: page metadata | N60: 560 | P60: Climate; Climate Change; Environment; Temperature | R60: Julie Dabrusin
A61: 2026-05 | B61: 46163 | C61: Post-withdrawal | D61: UK | E61: Ministry of Environment | F61: gov.uk | G61: HU12 8GA, Saltend Cogeneration Company Limited: environmental permit issued - EPR/QP3539LE/V012 | H61: https://www.gov.uk/government/publications/hu12-8ga-saltend-cogeneration-company-limited-environmental-permit-issued-eprqp3539lev012 | I61: Environment; emissions | J61: 2 | K61: No | M61: GOV.UK API | N61: 75 | P61: Environment; emissions
A62: 2026-05 | B62: 46163 | C62: Post-withdrawal | D62: UK | E62: Ministry of Environment | F62: gov.uk | G62: Repeat polluter pays out over slurry offences | H62: https://www.gov.uk/government/news/repeat-polluter-pays-out-over-slurry-offences | I62: Environment | J62: 1 | K62: No | M62: GOV.UK API | N62: 933 | P62: Environment
A63: 2026-05 | B63: 46163 | C63: Post-withdrawal | D63: UK | E63: Ministry of Environment | F63: gov.uk | G63: Romsey flood alleviation scheme strengthened with new defences | H63: https://www.gov.uk/government/news/romsey-flood-alleviation-scheme-strengthened-with-new-defences | I63: Environment | J63: 1 | K63: No | M63: GOV.UK API | N63: 428 | P63: Environment
A64: 2026-05 | B64: 46164 | C64: Post-withdrawal | D64: Canada | E64: Ministry of Environment | F64: canada.ca | G64: International Day for Biological Diversity 2026: Statement from the Honourable Julie Dabrusin, Minister of the Environment, Climate Change and Nature | H64: https://www.canada.ca/en/environment-climate-change/news/2026/05/international-day-for-biological-diversity-2026-statement-from-the-honourable-julie-dabrusin-minister-of-the-environment-climate-change-and-nature.html | I64: Climate; Climate Change; Environment; Julie Dabrusin; carbon; commitments | J64: 6 | K64: Yes | L64: Canada | M64: page metadata | N64: 664 | P64: Climate; Climate Change; Environment; carbon; commitments | R64: Julie Dabrusin
A65: 2026-05 | B65: 46164 | C65: Post-withdrawal | D65: UK | E65: Ministry of Environment | F65: gov.uk | G65: Environment Agency changes landfill permit to reduce odour risk | H65: https://www.gov.uk/government/news/environment-agency-changes-landfill-permit-to-reduce-odour-risk | I65: Environment | J65: 1 | K65: No | M65: GOV.UK API | N65: 308 | P65: Environment
A66: 2026-05 | B66: 46164 | C66: Post-withdrawal | D66: UK | E66: Ministry of Environment | F66: gov.uk | G66: New watchlist published to put a spotlight on waste | H66: https://www.gov.uk/government/news/new-watchlist-published-to-put-a-spotlight-on-waste | I66: Environment; Transparency | J66: 2 | K66: No | M66: GOV.UK API | N66: 647 | P66: Environment; Transparency
A67: 2026-05 | B67: 46168 | C67: Post-withdrawal | D67: UK | E67: Ministry of Environment | F67: gov.uk | G67: Lancashire recycling company sentenced for illegal waste exports | H67: https://www.gov.uk/government/news/lancashire-recycling-company-sentenced-for-illegal-waste-exports | I67: Environment; green | J67: 2 | K67: No | M67: GOV.UK API | N67: 899 | P67: Environment; green
A68: 2026-05 | B68: 46169 | C68: Post-withdrawal | D68: Canada | E68: Ministry of Environment | F68: canada.ca | G68: Environment and Climate Change Canada launches AI weather model to strengthen forecasting for severe weather | H68: https://www.canada.ca/en/environment-climate-change/news/2026/05/environment-and-climate-change-canada-launches-ai-weather-model-to-strengthen-forecasting-for-severe-weather.html | I68: Climate; Climate Change; Environment; Temperature; energy | J68: 5 | K68: Yes | M68: page metadata | N68: 602 | P68: Climate; Climate Change; Environment; Temperature; energy
A69: 2026-05 | B69: 46170 | C69: Post-withdrawal | D69: UK | E69: Ministry of Environment | F69: gov.uk | G69: Consultation opens on Drax Power permit draft decision | H69: https://www.gov.uk/government/news/consultation-opens-on-drax-power-permit-draft-decision | I69: Environment; carbon; emissions | J69: 3 | K69: Yes | M69: GOV.UK API | N69: 599 | P69: Environment; carbon; emissions
A70: 2026-05 | B70: 46171 | C70: Post-withdrawal | D70: China | E70: Govt press release | F70: english.www.gov.cn | G70: World Intelligence Expo highlights AI-industry integration, global collaboration | H70: https://english.www.gov.cn/news/202605/29/content_WS6a18dbeac6d00ca5f9a0b502.html | I70: Environment | J70: 1 | K70: No | M70: url | N70: 528 | P70: Environment
A71: 2026-05 | B71: 46173 | C71: Post-withdrawal | D71: China | E71: Govt press release | F71: english.www.gov.cn | G71: Canada, China vow to strengthen bilateral ties, uphold multilateralism | H71: https://english.www.gov.cn/news/202605/31/content_WS6a1b926fc6d00ca5f9a0b580.html | I71: energy | J71: 1 | K71: No | M71: url | N71: 207 | P71: energy
A72: 2026-05 | B72: 46173 | C72: Post-withdrawal | D72: China | E72: Govt press release | F72: english.www.gov.cn | G72: Xi's article on developing future industries to be published | H72: https://english.www.gov.cn/news/202605/31/content_WS6a1bf75ac6d00ca5f9a0b58c.html | I72: Environment | J72: 1 | K72: No | M72: url | N72: 301 | P72: Environment

Sheet 2024-01
A1: Month | B1: Date | C1: Period | D1: Country | E1: Source Type | F1: Site | G1: Title | H1: URL | I1: Matched Keywords | J1: Keyword Count | K1: Strong Match | L1: Minister/Person Country | M1: Date Source | N1: Word Count | O1: Regulatory Bodies hits | P1: Adjective Indicators hits | Q1: Organizations/Alliances hits | R1: Event/Person hits
A2: 2024-01 | B2: 45298 | C2: Pre-withdrawal | D2: Hong Kong | E2: Govt press release | F2: info.gov.hk | G2: HKETO, Brussels supports Belgian sports event and promotes Hong Kong as a green and dynamic city (with photos) | H2: https://www.info.gov.hk/gia/general/202401/07/P2024010500085.htm | I2: green | J2: 1 | K2: No | M2: url | N2: 215 | P2: green
A3: 2024-01 | B3: 45307 | C3: Pre-withdrawal | D3: New Zealand | E3: Ministry of Environment | F3: environment.govt.nz | G3: Key initiatives | H3: https://environment.govt.nz/what-government-is-doing/key-initiatives/ | I3: Environment | J3: 1 | K3: No | M3: page metadata | N3: 128 | P3: Environment
A4: 2024-01 | B4: 45308 | C4: Pre-withdrawal | D4: Hong Kong | E4: Govt press release | F4: info.gov.hk | G4: 35th Meeting of APEC Expert Group on Energy Data and Analysis held in Hong Kong (with photos) | H4: https://www.info.gov.hk/gia/general/202401/17/P2024011700283.htm | I4: Climate; Climate Change; Environment; Tse Chin-Wan; carbon; carbon emissions; emissions; energy; transition | J4: 9 | K4: Yes | L4: Hong Kong | M4: url | N4: 444 | P4: Climate; Climate Change; Environment; carbon; carbon emissions; emissions; energy; transition | R4: Tse Chin-Wan
A5: 2024-01 | B5: 45310 | C5: Pre-withdrawal | D5: Hong Kong | E5: Govt press release | F5: info.gov.hk | G5: Prefabrication of modules for waste-to-energy facility IÂ·PARK1 completed (with photos) | H5: https://www.info.gov.hk/gia/general/202401/19/P2024011900367.htm | I5: Climate; carbon; energy | J5: 3 | K5: Yes | M5: url | N5: 383 | P5: Climate; carbon; energy
A6: 2024-01 | B6: 45310 | C6: Pre-withdrawal | D6: Hong Kong | E6: Govt press release | F6: info.gov.hk | G6: Public should take precautionary measures against carbon monoxide poisoning | H6: https://www.info.gov.hk/gia/general/202401/19/P2024011900709.htm | I6: carbon | J6: 1 | K6: No | M6: url | N6: 412 | P6: carbon
A7: 2024-01 | B7: 45315 | C7: Pre-withdrawal | D7: Hong Kong | E7: Govt press release | F7: info.gov.hk | G7: Asian Financial Forum explores strategies on sustainable economic development and opportunities of multilateral co-operation (with photos/videos) | H7: https://www.info.gov.hk/gia/general/202401/24/P2024012400767.htm | I7: Climate; Environment; Green Finance; Sustainability; Sustainable Economic Development; green; transition | J7: 7 | K7: Yes | M7: url | N7: 1391 | P7: Climate; Environment; Green Finance; Sustainability; Sustainable Economic Development; green; transition
A8: 2024-01 | B8: 45315 | C8: Pre-withdrawal | D8: Hong Kong | E8: Govt press release | F8: info.gov.hk | G8: LCQ19: Modern waste-to-energy incinerators | H8: https://www.info.gov.hk/gia/general/202401/24/P2024012400274.htm | I8: Temperature; emissions; energy; green; renewable energy | J8: 5 | K8: Yes | M8: url | N8: 1159 | P8: Temperature; emissions; energy; green; renewable energy
A9: 2024-01 | B9: 45316 | C9: Pre-withdrawal | D9: Hong Kong | E9: Govt press release | F9: info.gov.hk | G9: Opening remarks by Permanent Secretary for Financial Services and the Treasury (Financial Services) at Asian Financial Forum Thematic Workshop on Hong Kong - Financing Asia's Real Economy Net-Zero Transition (English only) (with photos) | H9: https://www.info.gov.hk/gia/general/202401/25/P2024012500654.htm | I9: COP; Climate; Climate Change; ESG; Environment; Green Finance; ISSB; Sustainability; Sustainability Reporting; Temperature; carbon; carbon credits; emissions; green; greenhouse gas; transition | J9: 16 | K9: Yes | M9: url | N9: 1907 | O9: ISSB | P9: Climate; Climate Change; ESG; Environment; Green Finance; Sustainability; Sustainability Reporting; Temperature; carbon; carbon credits; emissions; green; greenhouse gas; transition | Q9: COP
A10: 2024-01 | B10: 45317 | C10: Pre-withdrawal | D10: Hong Kong | E10: Govt press release | F10: info.gov.hk | G10: Statement by Environment and Conservation Fund Committee on implementation of municipal solid waste charging scheme in Hong Kong | H10: https://www.info.gov.hk/gia/general/202401/26/P2024012600638.htm | I10: Environment | J10: 1 | K10: No | M10: url | N10: 387 | P10: Environment
A11: 2024-01 | B11: 45320 | C11: Pre-withdrawal | D11: Hong Kong | E11: Govt press release | F11: info.gov.hk | G11: Public should take precautionary measures against carbon monoxide poisoning | H11: https://www.info.gov.hk/gia/general/202401/29/P2024012900732.htm | I11: carbon | J11: 1 | K11: No | M11: url | N11: 393 | P11: carbon
A12: 2024-01 | B12: 45322 | C12: Pre-withdrawal | D12: Hong Kong | E12: Govt press release | F12: info.gov.hk | G12: Statement by Council for Carbon Neutrality and Sustainable Development on implementation of municipal solid waste charging scheme in Hong Kong | H12: https://www.info.gov.hk/gia/general/202401/31/P2024013100350.htm | I12: carbon; carbon emissions; emissions; energy; green | J12: 5 | K12: Yes | M12: url | N12: 356 | P12: carbon; carbon emissions; emissions; energy; green

Sheet 2024-02
A1: Month | B1: Date | C1: Period | D1: Country | E1: Source Type | F1: Site | G1: Title | H1: URL | I1: Matched Keywords | J1: Keyword Count | K1: Strong Match | L1: Minister/Person Country | M1: Date Source | N1: Word Count | O1: Regulatory Bodies hits | P1: Adjective Indicators hits | Q1: Organizations/Alliances hits | R1: Event/Person hits
A2: 2024-02 | B2: 45324 | C2: Pre-withdrawal | D2: Hong Kong | E2: Govt press release | F2: info.gov.hk | G2: Public should take precautionary measures against carbon monoxide poisoning | H2: https://www.info.gov.hk/gia/general/202402/02/P2024020200552.htm | I2: carbon | J2: 1 | K2: No | M2: url | N2: 531 | P2: carbon
A3: 2024-02 | B3: 45324 | C3: Pre-withdrawal | D3: Hong Kong | E3: Govt press release | F3: info.gov.hk | G3: Special operational arrangements for GREEN@COMMUNITY facilities during Lunar New Year holidays | H3: https://www.info.gov.hk/gia/general/202402/02/P2024020200651.htm | I3: Environment; green | J3: 2 | K3: No | M3: url | N3: 315 | P3: Environment; green
A4: 2024-02 | B4: 45327 | C4: Pre-withdrawal | D4: Hong Kong | E4: Govt press release | F4: info.gov.hk | G4: Government urges public to stop using "energy-saving ring" on gas cookers to avoid carbon monoxide poisoning | H4: https://www.info.gov.hk/gia/general/202402/05/P2024020500512.htm | I4: carbon; emissions; energy | J4: 3 | K4: Yes | M4: url | N4: 500 | P4: carbon; emissions; energy
A5: 2024-02 | B5: 45329 | C5: Pre-withdrawal | D5: Hong Kong | E5: Govt press release | F5: info.gov.hk | G5: HKSAR Government's Digital Green Bonds Offering | H5: https://www.info.gov.hk/gia/general/202402/07/P2024020700516.htm | I5: Transparency; green | J5: 2 | K5: No | M5: url | N5: 1273 | P5: Transparency; green
A6: 2024-02 | B6: 45345 | C6: Pre-withdrawal | D6: Hong Kong | E6: Govt press release | F6: info.gov.hk | G6: Qualifying standards for environment-friendly commercial vehicles to remain unchanged from April 2024 to March 2025 | H6: https://www.info.gov.hk/gia/general/202402/23/P2024022300280.htm | I6: Environment; emissions | J6: 2 | K6: No | M6: url | N6: 120 | P6: Environment; emissions
A7: 2024-02 | B7: 45345 | C7: Pre-withdrawal | D7: Hong Kong | E7: Govt press release | F7: info.gov.hk | G7: SEE officiates at opening ceremony of GREEN@TSING YI (with photos) | H7: https://www.info.gov.hk/gia/general/202402/23/P2024022200349.htm | I7: carbon; green | J7: 2 | K7: No | M7: url | N7: 366 | P7: carbon; green
A8: 2024-02 | B8: 45350 | C8: Pre-withdrawal | D8: Hong Kong | E8: Govt press release | F8: info.gov.hk | G8: LCQ12: Operation of the community recycling network GREEN@COMMUNITY | H8: https://www.info.gov.hk/gia/general/202402/28/P2024022800306.htm | I8: Environment; green | J8: 2 | K8: No | M8: url | N8: 2304 | P8: Environment; green
A9: 2024-02 | B9: 45351 | C9: Pre-withdrawal | D9: Hong Kong | E9: Govt press release | F9: info.gov.hk | G9: Government to introduce resolution to set borrowing limit at $500 billion for expanded Government Green Bond Programme and new Infrastructure Bond Programme | H9: https://www.info.gov.hk/gia/general/202402/29/P2024022900260.htm | I9: Climate; Climate Change; Green Finance; green | J9: 4 | K9: No | M9: url | N9: 303 | P9: Climate; Climate Change; Green Finance; green
A10: 2024-02 | B10: 45351 | C10: Pre-withdrawal | D10: Hong Kong | E10: Govt press release | F10: info.gov.hk | G10: Housing Bureau holds seminar themed "Leveraging BuildTech and Green Finance in Public Housing" today to support Green Week (with photos) | H10: https://www.info.gov.hk/gia/general/202402/29/P2024022900351.htm | I10: Green Finance; Sustainability; green | J10: 3 | K10: No | M10: url | N10: 325 | P10: Green Finance; Sustainability; green

Sheet 2024-03
A1: Month | B1: Date | C1: Period | D1: Country | E1: Source Type | F1: Site | G1: Title | H1: URL | I1: Matched Keywords | J1: Keyword Count | K1: Strong Match | L1: Minister/Person Country | M1: Date Source | N1: Word Count | O1: Regulatory Bodies hits | P1: Adjective Indicators hits | Q1: Organizations/Alliances hits | R1: Event/Person hits
A2: 2024-03 | B2: 45352 | C2: Pre-withdrawal | D2: Hong Kong | E2: Govt press release | F2: info.gov.hk | G2: Conclusion of Hong Kong Green Week-Finance Stream | H2: https://www.info.gov.hk/gia/general/202403/01/P2024030100611.htm | I2: Circular; Circular Economy; Climate; Sustainability; carbon; energy; green; transition | J2: 8 | K2: Yes | M2: url | N2: 360 | P2: Circular; Circular Economy; Climate; Sustainability; carbon; energy; green; transition

Sheet 2024-06
A1: Month | B1: Date | C1: Period | D1: Country | E1: Source Type | F1: Site | G1: Title | H1: URL | I1: Matched Keywords | J1: Keyword Count | K1: Strong Match | L1: Minister/Person Country | M1: Date Source | N1: Word Count | O1: Regulatory Bodies hits | P1: Adjective Indicators hits | Q1: Organizations/Alliances hits | R1: Event/Person hits
A2: 2024-06 | B2: 45467 | C2: Pre-withdrawal | D2: New Zealand | E2: Ministry of Environment | F2: environment.govt.nz | G2: Climate scenarios toolkit | H2: https://environment.govt.nz/what-you-can-do/climate-scenarios-toolkit/ | I2: Climate; Climate Change; Environment | J2: 3 | K2: No | M2: page metadata | N2: 134 | P2: Climate; Climate Change; Environment

Sheet 2024-09
A1: Month | B1: Date | C1: Period | D1: Country | E1: Source Type | F1: Site | G1: Title | H1: URL | I1: Matched Keywords | J1: Keyword Count | K1: Strong Match | L1: Minister/Person Country | M1: Date Source | N1: Word Count | O1: Regulatory Bodies hits | P1: Adjective Indicators hits | Q1: Organizations/Alliances hits | R1: Event/Person hits
A2: 2024-09 | B2: 45553 | C2: Pre-withdrawal | D2: New Zealand | E2: Ministry of Environment | F2: environment.govt.nz | G2: Climate Change | H2: https://environment.govt.nz/facts-and-science/climate-change/ | I2: Climate; Climate Change; Environment | J2: 3 | K2: No | M2: page metadata | N2: 134 | P2: Climate; Climate Change; Environment

Sheet 2024-10
A1: Month | B1: Date | C1: Period | D1: Country | E1: Source Type | F1: Site | G1: Title | H1: URL | I1: Matched Keywords | J1: Keyword Count | K1: Strong Match | L1: Minister/Person Country | M1: Date Source | N1: Word Count | O1: Regulatory Bodies hits | P1: Adjective Indicators hits | Q1: Organizations/Alliances hits | R1: Event/Person hits
A2: 2024-10 | B2: 45574 | C2: Pre-withdrawal | D2: New Zealand | E2: Ministry of Environment | F2: environment.govt.nz | G2: Environmental reporting | H2: https://environment.govt.nz/facts-and-science/environmental-reporting/ | I2: Environment | J2: 1 | K2: No | M2: page metadata | N2: 46 | P2: Environment

Sheet 2025-03
A1: Month | B1: Date | C1: Period | D1: Country | E1: Source Type | F1: Site | G1: Title | H1: URL | I1: Matched Keywords | J1: Keyword Count | K1: Strong Match | L1: Minister/Person Country | M1: Date Source | N1: Word Count | O1: Regulatory Bodies hits | P1: Adjective Indicators hits | Q1: Organizations/Alliances hits | R1: Event/Person hits
A2: 2025-03 | B2: 45729 | C2: Transition | D2: New Zealand | E2: Ministry of Environment | F2: environment.govt.nz | G2: Take action – Te reo Māori | H2: https://environment.govt.nz/what-you-can-do/take-action-landing-page-te-reo/ | I2: Environment | J2: 1 | K2: No | M2: page metadata | N2: 123 | P2: Environment

Sheet 2025-08
A1: Month | B1: Date | C1: Period | D1: Country | E1: Source Type | F1: Site | G1: Title | H1: URL | I1: Matched Keywords | J1: Keyword Count | K1: Strong Match | L1: Minister/Person Country | M1: Date Source | N1: Word Count | O1: Regulatory Bodies hits | P1: Adjective Indicators hits | Q1: Organizations/Alliances hits | R1: Event/Person hits
A2: 2025-08 | B2: 45877 | C2: Transition | D2: New Zealand | E2: Ministry of Environment | F2: environment.govt.nz | G2: Access to Experts | H2: https://environment.govt.nz/what-you-can-do/access-to-experts/ | I2: Environment | J2: 1 | K2: No | M2: page metadata | N2: 115 | P2: Environment

Sheet 2026-03
A1: Month | B1: Date | C1: Period | D1: Country | E1: Source Type | F1: Site | G1: Title | H1: URL | I1: Matched Keywords | J1: Keyword Count | K1: Strong Match | L1: Minister/Person Country | M1: Date Source | N1: Word Count | O1: Regulatory Bodies hits | P1: Adjective Indicators hits | Q1: Organizations/Alliances hits | R1: Event/Person hits
A2: 2026-03 | B2: 46108 | C2: Post-withdrawal | D2: New Zealand | E2: Ministry of Environment | F2: environment.govt.nz | G2: Calculate your emissions | H2: https://environment.govt.nz/what-you-can-do/calculate-your-emissions/ | I2: Environment; emissions | J2: 2 | K2: No | M2: page metadata | N2: 115 | P2: Environment; emissions

Sheet 2026-04
A1: Month | B1: Date | C1: Period | D1: Country | E1: Source Type | F1: Site | G1: Title | H1: URL | I1: Matched Keywords | J1: Keyword Count | K1: Strong Match | L1: Minister/Person Country | M1: Date Source | N1: Word Count | O1: Regulatory Bodies hits | P1: Adjective Indicators hits | Q1: Organizations/Alliances hits | R1: Event/Person hits
A2: 2026-04 | B2: 46121 | C2: Post-withdrawal | D2: Canada | E2: Ministry of Environment | F2: canada.ca | G2: Canada to launch hybrid AI weather model to strengthen forecasting for severe weather | H2: https://www.canada.ca/en/environment-climate-change/news/2026/04/canada-to-launch-hybrid-ai-weather-model-to-strengthen-forecasting-for-severe-weather.html | I2: Climate; Climate Change; Environment; Julie Dabrusin; Temperature | J2: 5 | K2: Yes | L2: Canada | M2: page metadata | N2: 753 | P2: Climate; Climate Change; Environment; Temperature | R2: Julie Dabrusin
A3: 2026-04 | B3: 46128 | C3: Post-withdrawal | D3: Canada | E3: Ministry of Environment | F3: canada.ca | G3: Environment and Climate Change Canada to hold a technical briefing ahead of the Petersberg Climate Dialogue and the G7 Environment Ministers’ Meeting | H3: https://www.canada.ca/en/environment-climate-change/news/2026/04/environment-and-climate-change-canada-to-hold-a-technical-briefing-ahead-of-the-petersberg-climate-dialogue-and-the-g7-environment-ministers-meeting.html | I3: Climate; Climate Change; Environment | J3: 3 | K3: No | M3: page metadata | N3: 187 | P3: Climate; Climate Change; Environment
A4: 2026-04 | B4: 46129 | C4: Post-withdrawal | D4: Canada | E4: Ministry of Environment | F4: canada.ca | G4: Minister Dabrusin to champion climate competitiveness, clean growth, and nature protection at G7 | H4: https://www.canada.ca/en/environment-climate-change/news/2026/04/minister-dabrusin-to-champion-climate-competitiveness-clean-growth-and-nature-protection-at-g7.html | I4: COP; Climate; Climate Change; Environment; Julie Dabrusin; commitments; emissions; energy; transition | J4: 9 | K4: Yes | L4: Canada | M4: page metadata | N4: 852 | P4: Climate; Climate Change; Environment; commitments; emissions; energy; transition | Q4: COP | R4: Julie Dabrusin
A5: 2026-04 | B5: 46135 | C5: Post-withdrawal | D5: Canada | E5: Ministry of Environment | F5: canada.ca | G5: Parliamentary Secretary Myles to highlight Canada’s new nature strategy in Fredericton | H5: https://www.canada.ca/en/environment-climate-change/news/2026/04/parliamentary-secretary-myles-to-highlight-canadas-new-nature-strategy-in-fredericton.html | I5: Climate; Climate Change; Environment; Julie Dabrusin; Nathalie Provost | J5: 5 | K5: Yes | L5: Canada | M5: page metadata | N5: 163 | P5: Climate; Climate Change; Environment | R5: Julie Dabrusin; Nathalie Provost
A6: 2026-04 | B6: 46136 | C6: Post-withdrawal | D6: Canada | E6: Ministry of Environment | F6: canada.ca | G6: A Force of Nature: Canada’s Strategy to Protect Nature | H6: https://www.canada.ca/en/environment-climate-change/news/2026/04/a-force-of-nature-canadas-strategy-to-protect-nature.html | I6: Climate; Climate Change; Environment; Julie Dabrusin; Nathalie Provost; commitments; energy | J6: 7 | K6: Yes | L6: Canada | M6: page metadata | N6: 958 | P6: Climate; Climate Change; Environment; commitments; energy | R6: Julie Dabrusin; Nathalie Provost
A7: 2026-04 | B7: 46136 | C7: Post-withdrawal | D7: Canada | E7: Ministry of Environment | F7: canada.ca | G7: A Force of Nature: Canada’s Strategy to Protect Nature | H7: https://www.canada.ca/en/environment-climate-change/news/2026/04/a-force-of-nature-canadas-strategy-to-protect-nature0.html | I7: carbon; energy | J7: 2 | K7: No | M7: page metadata | N7: 925 | P7: carbon; energy
A8: 2026-04 | B8: 46136 | C8: Post-withdrawal | D8: Canada | E8: Ministry of Environment | F8: canada.ca | G8: Canada and Japan launch new actions to tackle methane, plastic pollution, and biodiversity loss | H8: https://www.canada.ca/en/environment-climate-change/news/2026/04/canada-and-japan-launch-new-actions-to-tackle-methane-plastic-pollution-and-biodiversity-loss.html | I8: COP; Climate; Climate Change; Environment; Julie Dabrusin; Paris Agreement; commitments; emissions; energy; transition | J8: 10 | K8: Yes | L8: Canada | M8: page metadata | N8: 773 | P8: Climate; Climate Change; Environment; commitments; emissions; energy; transition | Q8: COP; Paris Agreement | R8: Julie Dabrusin
A9: 2026-04 | B9: 46136 | C9: Post-withdrawal | D9: Canada | E9: Ministry of Environment | F9: canada.ca | G9: Minister Dabrusin champions a resilient, sustainable future at international environment talks | H9: https://www.canada.ca/en/environment-climate-change/news/2026/04/minister-dabrusin-champions-a-resilient-sustainable-future-at-international-environment-talks.html | I9: CBAM; COP; Climate; Climate Change; Environment; Julie Dabrusin; Paris Agreement; carbon; commitments; emissions; energy; greenhouse gas; renewable energy; transition | J9: 14 | K9: Yes | L9: Canada | M9: page metadata | N9: 1144 | O9: CBAM | P9: Climate; Climate Change; Environment; carbon; commitments; emissions; energy; greenhouse gas; renewable energy; transition | Q9: COP; Paris Agreement | R9: Julie Dabrusin

Sheet 2026-05
A1: Month | B1: Date | C1: Period | D1: Country | E1: Source Type | F1: Site | G1: Title | H1: URL | I1: Matched Keywords | J1: Keyword Count | K1: Strong Match | L1: Minister/Person Country | M1: Date Source | N1: Word Count | O1: Regulatory Bodies hits | P1: Adjective Indicators hits | Q1: Organizations/Alliances hits | R1: Event/Person hits
A2: 2026-05 | B2: 46149 | C2: Post-withdrawal | D2: Canada | E2: Ministry of Environment | F2: canada.ca | G2: Secretary of State (Nature) Nathalie Provost will highlight Canada’s new nature strategy in the Estrie region | H2: https://www.canada.ca/en/environment-climate-change/news/2026/05/secretary-of-state-nature-nathalie-provost-will-highlight-canadas-new-nature-strategy-in-the-estrie-region.html | I2: Climate; Climate Change; Environment; Julie Dabrusin; Nathalie Provost | J2: 5 | K2: Yes | L2: Canada | M2: page metadata | N2: 168 | P2: Climate; Climate Change; Environment | R2: Julie Dabrusin; Nathalie Provost
A3: 2026-05 | B3: 46149 | C3: Post-withdrawal | D3: UK | E3: Ministry of Environment | F3: gov.uk | G3: WF6 1TP, Citron Hygiene UK Limited: environmental surrender issued - EPR/WE0090AB/S004 | H3: https://www.gov.uk/government/publications/wf6-1tp-citron-hygiene-uk-limited-environmental-surrender-issued-eprwe0090abs004 | I3: Environment; emissions | J3: 2 | K3: No | M3: GOV.UK API | N3: 73 | P3: Environment; emissions
A4: 2026-05 | B4: 46150 | C4: Post-withdrawal | D4: Canada | E4: Ministry of Environment | F4: canada.ca | G4: A Force of Nature: Canada’s Strategy to Protect Nature | H4: https://www.canada.ca/en/environment-climate-change/news/2026/05/a-force-of-nature-canadas-strategy-to-protect-nature.html | I4: Climate; Climate Change; Environment; Julie Dabrusin; Nathalie Provost; Sustainable Economy; commitments; energy | J4: 8 | K4: Yes | L4: Canada | M4: page metadata | N4: 1187 | P4: Climate; Climate Change; Environment; Sustainable Economy; commitments; energy | R4: Julie Dabrusin; Nathalie Provost
A5: 2026-05 | B5: 46150 | C5: Post-withdrawal | D5: Canada | E5: Ministry of Environment | F5: canada.ca | G5: Minister Dabrusin’s statement on World Migratory Bird Day | H5: https://www.canada.ca/en/environment-climate-change/news/2026/05/minister-dabrusins-statement-on-world-migratory-bird-day.html | I5: Climate; Climate Change; Environment; Julie Dabrusin; commitments | J5: 5 | K5: Yes | L5: Canada | M5: page metadata | N5: 386 | P5: Climate; Climate Change; Environment; commitments | R5: Julie Dabrusin
A6: 2026-05 | B6: 46150 | C6: Post-withdrawal | D6: Canada | E6: Ministry of Environment | F6: canada.ca | G6: Transport Desgagnés Inc. fined $40,000 for Canada Wildlife Act violations in Nunavut | H6: https://www.canada.ca/en/environment-climate-change/news/2026/05/transport-desgagnes-inc-fined-40000-for-canada-wildlife-act-violations-in-nunavut.html | I6: Climate; Climate Change; Environment | J6: 3 | K6: No | M6: page metadata | N6: 569 | P6: Climate; Climate Change; Environment
A7: 2026-05 | B7: 46153 | C7: Post-withdrawal | D7: Canada | E7: Ministry of Environment | F7: canada.ca | G7: Secretary of State (Nature) Provost will highlight Canada’s new nature strategy in Victoria | H7: https://www.canada.ca/en/environment-climate-change/news/2026/05/secretary-of-state-nature-provost-will-highlight-canadas-new-nature-strategy-in-victoria.html | I7: Climate; Climate Change; Environment; Nathalie Provost | J7: 4 | K7: Yes | L7: Canada | M7: page metadata | N7: 144 | P7: Climate; Climate Change; Environment | R7: Nathalie Provost
A8: 2026-05 | B8: 46154 | C8: Post-withdrawal | D8: Canada | E8: Ministry of Environment | F8: canada.ca | G8: A Force of Nature: Canada’s Strategy to Protect Nature | H8: https://www.canada.ca/en/environment-climate-change/news/2026/05/a-force-of-nature-canadas-strategy-to-protect-nature0.html | I8: Climate; Climate Change; Environment; Julie Dabrusin; Nathalie Provost; commitments; energy | J8: 7 | K8: Yes | L8: Canada | M8: page metadata | N8: 938 | P8: Climate; Climate Change; Environment; commitments; energy | R8: Julie Dabrusin; Nathalie Provost
A9: 2026-05 | B9: 46154 | C9: Post-withdrawal | D9: Canada | E9: Ministry of Environment | F9: canada.ca | G9: Government of Canada supports six new research projects to explore impacts of plastic pollution on Indigenous communities | H9: https://www.canada.ca/en/environment-climate-change/news/2026/05/government-of-canada-supports-six-new-research-projects-to-explore-impacts-of-plastic-pollution-on-indigenous-communities.html | I9: Climate; Climate Change; Environment; Julie Dabrusin | J9: 4 | K9: Yes | L9: Canada | M9: page metadata | N9: 787 | P9: Climate; Climate Change; Environment | R9: Julie Dabrusin
A10: 2026-05 | B10: 46155 | C10: Post-withdrawal | D10: UK | E10: Ministry of Environment | F10: gov.uk | G10: Environment Agency puts brakes on illegal waste site | H10: https://www.gov.uk/government/news/environment-agency-puts-brakes-on-illegal-waste-site | I10: Environment | J10: 1 | K10: No | M10: GOV.UK API | N10: 450 | P10: Environment
A11: 2026-05 | B11: 46156 | C11: Post-withdrawal | D11: UK | E11: Ministry of Environment | F11: gov.uk | G11: Environment Agency Board members' terms extended | H11: https://www.gov.uk/government/news/environment-agency-board-members-terms-extended | I11: Circular; Circular Economy; Climate; Climate Change; Environment; Sustainability; energy; green; transition | J11: 9 | K11: Yes | M11: GOV.UK API | N11: 470 | P11: Circular; Circular Economy; Climate; Climate Change; Environment; Sustainability; energy; green; transition
A12: 2026-05 | B12: 46157 | C12: Post-withdrawal | D12: Canada | E12: Ministry of Environment | F12: canada.ca | G12: ArcelorMittal Exploitation Minière Canada s.e.n.c. fined $100 million for violating the Fisheries Act through illegal deposits of deleterious substances | H12: https://www.canada.ca/en/environment-climate-change/news/2026/05/arcelormittal-exploitation-miniere-canada-senc-fined-100-million-for-violating-the-fisheries-act-through-illegal-deposits-of-deleterious-substances.html | I12: Climate; Climate Change; Environment | J12: 3 | K12: No | M12: page metadata | N12: 730 | P12: Climate; Climate Change; Environment
A13: 2026-05 | B13: 46157 | C13: Post-withdrawal | D13: New Zealand | E13: Ministry of Environment | F13: environment.govt.nz | G13: Assessments for carbon removals | H13: https://environment.govt.nz/what-you-can-do/assessments-for-carbon-removals/ | I13: Climate; Climate Change; carbon; emissions; greenhouse gas | J13: 5 | K13: Yes | M13: page metadata | N13: 643 | P13: Climate; Climate Change; carbon; emissions; greenhouse gas
A14: 2026-05 | B14: 46157 | C14: Post-withdrawal | D14: UK | E14: Ministry of Environment | F14: gov.uk | G14: Environment Agency issues Angus Fire permit variation | H14: https://www.gov.uk/government/news/environment-agency-issues-angus-fire-permit-variation | I14: Environment | J14: 1 | K14: No | M14: GOV.UK API | N14: 532 | P14: Environment
A15: 2026-05 | B15: 46157 | C15: Post-withdrawal | D15: UK | E15: Ministry of Environment | F15: gov.uk | G15: Farmer fined after pollution kills a thousand fish | H15: https://www.gov.uk/government/news/farmer-fined-after-pollution-kills-a-thousand-fish | I15: Environment | J15: 1 | K15: No | M15: GOV.UK API | N15: 428 | P15: Environment
A16: 2026-05 | B16: 46159 | C16: Post-withdrawal | D16: UK | E16: Ministry of Environment | F16: gov.uk | G16: New reforms to stop waste criminals from exploiting loopholes | H16: https://www.gov.uk/government/news/new-reforms-to-stop-waste-criminals-from-exploiting-loopholes | I16: Environment | J16: 1 | K16: No | M16: GOV.UK API | N16: 911 | P16: Environment
A17: 2026-05 | B17: 46160 | C17: Post-withdrawal | D17: UK | E17: Ministry of Environment | F17: gov.uk | G17: BH23 6BG, Eco Sustainable Solutions Limited: environmental permit issued - EPR/GP3793FY/V019 | H17: https://www.gov.uk/government/publications/bh23-6bg-eco-sustainable-solutions-limited-environmental-permit-issued-eprgp3793fyv019 | I17: Environment; emissions | J17: 2 | K17: No | M17: GOV.UK API | N17: 77 | P17: Environment; emissions
A18: 2026-05 | B18: 46160 | C18: Post-withdrawal | D18: UK | E18: Ministry of Environment | F18: gov.uk | G18: Have your say on proposed change to permit at Hinkley Point C | H18: https://www.gov.uk/government/news/have-your-say-on-proposed-change-to-permit-at-hinkley-point-c | I18: Environment | J18: 1 | K18: No | M18: GOV.UK API | N18: 424 | P18: Environment
A19: 2026-05 | B19: 46160 | C19: Post-withdrawal | D19: UK | E19: Ministry of Environment | F19: gov.uk | G19: YO43 4EB, Mr Richard Towse and Mrs Helen Towse: environmental permit issued - EPR/ZP3432JX/V003 | H19: https://www.gov.uk/government/publications/yo43-4eb-mr-richard-towse-and---mrs-helen-towse-environmental-permit-issued-eprzp3432jxv003 | I19: Environment; emissions | J19: 2 | K19: No | M19: GOV.UK API | N19: 81 | P19: Environment; emissions
A20: 2026-05 | B20: 46161 | C20: Post-withdrawal | D20: UK | E20: Ministry of Environment | F20: gov.uk | G20: Third waste carrier convicted in Environment Agency operation | H20: https://www.gov.uk/government/news/third-waste-carrier-convicted-in-environment-agency-operation | I20: Environment | J20: 1 | K20: No | M20: GOV.UK API | N20: 499 | P20: Environment
A21: 2026-05 | B21: 46162 | C21: Post-withdrawal | D21: Canada | E21: Ministry of Environment | F21: canada.ca | G21: Environment and Climate Change Canada presents the 2026 hurricane season outlook | H21: https://www.canada.ca/en/environment-climate-change/news/2026/05/environment-and-climate-change-canada-presents-the-2026-hurricane-season-outlook.html | I21: Climate; Climate Change; Environment | J21: 3 | K21: No | M21: page metadata | N21: 176 | P21: Climate; Climate Change; Environment
A22: 2026-05 | B22: 46162 | C22: Post-withdrawal | D22: UK | E22: Ministry of Environment | F22: gov.uk | G22: Man arrested in connection with illegal waste dumping | H22: https://www.gov.uk/government/news/man-arrested-in-connection-with-illegal-waste-dumping | I22: Emma Reynolds; Environment | J22: 2 | K22: Yes | L22: UK | M22: GOV.UK API | N22: 504 | P22: Environment | R22: Emma Reynolds
A23: 2026-05 | B23: 46162 | C23: Post-withdrawal | D23: UK | E23: Ministry of Environment | F23: gov.uk | G23: N18 3AG, Londonenergy Ltd: permit surrender issued - EPR/YP3500LS/S002 | H23: https://www.gov.uk/government/publications/n18-3ag-londonenergy-ltd-permit-surrender-issued-epryp3500lss002 | I23: Environment; emissions | J23: 2 | K23: No | M23: GOV.UK API | N23: 68 | P23: Environment; emissions
A24: 2026-05 | B24: 46162 | C24: Post-withdrawal | D24: UK | E24: Ministry of Environment | F24: gov.uk | G24: Science shows how tackling pollution now can protect Windermere's future | H24: https://www.gov.uk/government/news/science-shows-how-tackling-pollution-now-can-protect-windermeres-future | I24: Climate; Climate Change; Environment; green | J24: 4 | K24: Yes | M24: GOV.UK API | N24: 697 | P24: Climate; Climate Change; Environment; green
A25: 2026-05 | B25: 46163 | C25: Post-withdrawal | D25: Canada | E25: Ministry of Environment | F25: canada.ca | G25: Government of Canada prepares Canadians for upcoming hurricane season | H25: https://www.canada.ca/en/environment-climate-change/news/2026/05/government-of-canada-prepares-canadians-for-upcoming-hurricane-season.html | I25: Climate; Climate Change; Environment; Julie Dabrusin; Temperature | J25: 5 | K25: Yes | L25: Canada | M25: page metadata | N25: 560 | P25: Climate; Climate Change; Environment; Temperature | R25: Julie Dabrusin
A26: 2026-05 | B26: 46163 | C26: Post-withdrawal | D26: UK | E26: Ministry of Environment | F26: gov.uk | G26: HU12 8GA, Saltend Cogeneration Company Limited: environmental permit issued - EPR/QP3539LE/V012 | H26: https://www.gov.uk/government/publications/hu12-8ga-saltend-cogeneration-company-limited-environmental-permit-issued-eprqp3539lev012 | I26: Environment; emissions | J26: 2 | K26: No | M26: GOV.UK API | N26: 75 | P26: Environment; emissions
A27: 2026-05 | B27: 46163 | C27: Post-withdrawal | D27: UK | E27: Ministry of Environment | F27: gov.uk | G27: Repeat polluter pays out over slurry offences | H27: https://www.gov.uk/government/news/repeat-polluter-pays-out-over-slurry-offences | I27: Environment | J27: 1 | K27: No | M27: GOV.UK API | N27: 933 | P27: Environment
A28: 2026-05 | B28: 46163 | C28: Post-withdrawal | D28: UK | E28: Ministry of Environment | F28: gov.uk | G28: Romsey flood alleviation scheme strengthened with new defences | H28: https://www.gov.uk/government/news/romsey-flood-alleviation-scheme-strengthened-with-new-defences | I28: Environment | J28: 1 | K28: No | M28: GOV.UK API | N28: 428 | P28: Environment
A29: 2026-05 | B29: 46164 | C29: Post-withdrawal | D29: Canada | E29: Ministry of Environment | F29: canada.ca | G29: International Day for Biological Diversity 2026: Statement from the Honourable Julie Dabrusin, Minister of the Environment, Climate Change and Nature | H29: https://www.canada.ca/en/environment-climate-change/news/2026/05/international-day-for-biological-diversity-2026-statement-from-the-honourable-julie-dabrusin-minister-of-the-environment-climate-change-and-nature.html | I29: Climate; Climate Change; Environment; Julie Dabrusin; carbon; commitments | J29: 6 | K29: Yes | L29: Canada | M29: page metadata | N29: 664 | P29: Climate; Climate Change; Environment; carbon; commitments | R29: Julie Dabrusin
A30: 2026-05 | B30: 46164 | C30: Post-withdrawal | D30: UK | E30: Ministry of Environment | F30: gov.uk | G30: Environment Agency changes landfill permit to reduce odour risk | H30: https://www.gov.uk/government/news/environment-agency-changes-landfill-permit-to-reduce-odour-risk | I30: Environment | J30: 1 | K30: No | M30: GOV.UK API | N30: 308 | P30: Environment
A31: 2026-05 | B31: 46164 | C31: Post-withdrawal | D31: UK | E31: Ministry of Environment | F31: gov.uk | G31: New watchlist published to put a spotlight on waste | H31: https://www.gov.uk/government/news/new-watchlist-published-to-put-a-spotlight-on-waste | I31: Environment; Transparency | J31: 2 | K31: No | M31: GOV.UK API | N31: 647 | P31: Environment; Transparency
A32: 2026-05 | B32: 46168 | C32: Post-withdrawal | D32: UK | E32: Ministry of Environment | F32: gov.uk | G32: Lancashire recycling company sentenced for illegal waste exports | H32: https://www.gov.uk/government/news/lancashire-recycling-company-sentenced-for-illegal-waste-exports | I32: Environment; green | J32: 2 | K32: No | M32: GOV.UK API | N32: 899 | P32: Environment; green
A33: 2026-05 | B33: 46169 | C33: Post-withdrawal | D33: Canada | E33: Ministry of Environment | F33: canada.ca | G33: Environment and Climate Change Canada launches AI weather model to strengthen forecasting for severe weather | H33: https://www.canada.ca/en/environment-climate-change/news/2026/05/environment-and-climate-change-canada-launches-ai-weather-model-to-strengthen-forecasting-for-severe-weather.html | I33: Climate; Climate Change; Environment; Temperature; energy | J33: 5 | K33: Yes | M33: page metadata | N33: 602 | P33: Climate; Climate Change; Environment; Temperature; energy
A34: 2026-05 | B34: 46170 | C34: Post-withdrawal | D34: UK | E34: Ministry of Environment | F34: gov.uk | G34: Consultation opens on Drax Power permit draft decision | H34: https://www.gov.uk/government/news/consultation-opens-on-drax-power-permit-draft-decision | I34: Environment; carbon; emissions | J34: 3 | K34: Yes | M34: GOV.UK API | N34: 599 | P34: Environment; carbon; emissions
A35: 2026-05 | B35: 46171 | C35: Post-withdrawal | D35: China | E35: Govt press release | F35: english.www.gov.cn | G35: World Intelligence Expo highlights AI-industry integration, global collaboration | H35: https://english.www.gov.cn/news/202605/29/content_WS6a18dbeac6d00ca5f9a0b502.html | I35: Environment | J35: 1 | K35: No | M35: url | N35: 528 | P35: Environment
A36: 2026-05 | B36: 46173 | C36: Post-withdrawal | D36: China | E36: Govt press release | F36: english.www.gov.cn | G36: Canada, China vow to strengthen bilateral ties, uphold multilateralism | H36: https://english.www.gov.cn/news/202605/31/content_WS6a1b926fc6d00ca5f9a0b580.html | I36: energy | J36: 1 | K36: No | M36: url | N36: 207 | P36: energy
A37: 2026-05 | B37: 46173 | C37: Post-withdrawal | D37: China | E37: Govt press release | F37: english.www.gov.cn | G37: Xi's article on developing future industries to be published | H37: https://english.www.gov.cn/news/202605/31/content_WS6a1bf75ac6d00ca5f9a0b58c.html | I37: Environment | J37: 1 | K37: No | M37: url | N37: 301 | P37: Environment

Sheet Source Log
A1: Country | B1: Source Type | C1: Url | D1: Strategy | E1: Enabled | F1: Candidates | G1: Fetched Articles | H1: Kept | I1: Skipped Out Of Range | J1: Skipped Title Prefilter | K1: Dropped Out Of Range | L1: Dropped No Keywords | M1: Fetch Failed | N1: Error Msg | O1: Notes
A2: Canada | B2: Govt press release | C2: https://www.pm.gc.ca/en/news/releases | D2: listing | E2: TRUE | F2: 1 | I2: 1 | O2: Drupal ?page=N (verify)
A3: Canada | B3: Ministry of Environment | C3: https://www.canada.ca/en/news/advanced-news-search/news-results.html?_=1670427638856&dprtmnt=departmentoftheenvironment&start=&end= | D3: listing | E3: TRUE | F3: 21 | G3: 20 | H3: 20 | O3: date-filtered search, idx offset (verify)
A4: China | B4: Govt press release | C4: https://english.www.gov.cn/news/ | D4: auto | E4: TRUE | F4: 960 | G4: 20 | H4: 3 | I4: 939 | L4: 17 | O4: URL carries the date (verify)
A5: China | B5: Ministry of Environment | C5: https://english.mee.gov.cn/News_service/news_release/ | D5: listing | E5: TRUE | F5: 32 | I5: 32 | O5: index_N.shtml pagination (verify)
A6: EU | B6: Govt press release | C6: https://ec.europa.eu/commission/presscorner/home/en | D6: auto | E6: TRUE | O6: JavaScript app: needs --js (Playwright). Verify.
A7: EU | B7: Ministry of Environment | C7: https://environment.ec.europa.eu/news_en | D7: listing | E7: TRUE | F7: 34 | I7: 34 | O7: Drupal ?page=N (verify)
A8: Hong Kong | B8: Govt press release | C8: https://www.cmab.gov.hk/en/press/press.htm | D8: auto | E8: TRUE
A9: Hong Kong | B9: Govt press release | C9: https://www.info.gov.hk/gia/general/202607/27.htm | D9: hk_daily | E9: TRUE | F9: 1545 | G9: 20 | H9: 20 | J9: 1524 | O9: Daily index pages; ~100 releases/day, so only keyword-matching titles are fetched.
A10: Hong Kong | B10: Ministry of Environment | C10: https://www.eeb.gov.hk/en/news_events/press_releases/index.html | D10: auto | E10: TRUE
A11: Hong Kong | B11: Ministry of Environment | C11: https://www.epd.gov.hk/epd/english/news_events/press/press.html | D11: auto | E11: TRUE | F11: 21 | G11: 20 | K11: 20
A12: India | B12: Govt press release | C12: https://www.pib.gov.in/Allrel.aspx?reg=48&lang=1 | D12: auto | E12: FALSE | N12: disabled | O12: ASP.NET postback forms; needs a custom handler. Disabled for now.
A13: India | B13: Ministry of Environment | C13: https://www.pib.gov.in/newsite/pmreleases.aspx?mincode=30&reg=48&lang=2 | D13: auto | E13: FALSE | N13: disabled | O13: ASP.NET postback forms; needs a custom handler. Disabled for now.
A14: India | B14: Ministry of Environment | C14: https://moef.gov.in/press_release/update | D14: auto | E14: TRUE
A15: New Zealand | B15: Govt press release | C15: https://www.dpmc.govt.nz/media-centre | D15: auto | E15: TRUE
A16: New Zealand | B16: Govt press release | C16: https://www.beehive.govt.nz/releases | D16: listing | E16: TRUE | O16: Drupal ?page=N (verify)
A17: New Zealand | B17: Ministry of Environment | C17: https://environment.govt.nz/news/ | D17: auto | E17: TRUE | F17: 21 | G17: 20 | H17: 8 | K17: 10 | L17: 2
A18: Singapore | B18: Govt press release | C18: https://www.sgpc.gov.sg/ | D18: auto | E18: TRUE | O18: JavaScript-rendered (verify)
A19: Singapore | B19: Ministry of Environment | C19: https://www.mse.gov.sg/latest-news/ | D19: auto | E19: TRUE | F19: 10 | G19: 10 | K19: 10
A20: South Korea | B20: Govt press release | C20: https://www.korea.net/Government/Briefing-Room/Press-Releases | D20: auto | E20: TRUE | F20: 21 | G20: 20 | K20: 19 | L20: 1 | O20: verify pagination with --probe
A21: South Korea | B21: Ministry of Environment | C21: https://mcee.go.kr/eng/web/index.do?menuId=461 | D21: auto | E21: TRUE | F21: 10 | I21: 10 | O21: Korean boards often open posts via JS onclick; may need a custom handler
A22: UK | B22: Ministry of Environment | C22: https://www.gov.uk/search/news-and-communications?organisations[]=environment-agency&parent=environment-agency | D22: govuk_api | E22: TRUE | F22: 21 | G22: 20 | H22: 20 | O22: GOV.UK Search API. Any gov.uk search URL with organisations[]=... works.
A23: USA | B23: Govt press release | C23: https://www.state.gov/press-releases/ | D23: auto | E23: TRUE | O23: Pre-Jan-2025 releases were moved to an archive domain; see EXTRA_SOURCES.
A24: USA | B24: Govt press release | C24: https://2021-2025.state.gov/press-releases/ | D24: auto | E24: TRUE | O24: Archive of State Dept pages from before 20 Jan 2025 (verify URL).
A25: USA | B25: Ministry of Environment | C25: https://www.epa.gov/newsreleases/search | D25: listing | E25: TRUE | O25: Drupal ?page=N (verify)

Sheet Notes
A1: Item | B1: Detail
A2: Run date | B2: 2026-10-28
A3: Date range | B3: 2024-01-01 to 2026-05-31
A4: Keyword file | B4: .
A5: Periods (from comment NJ2) | B5: Pre-withdrawal: 2024-01-01 to 2025-01-01; Transition: 2025-01-01 to 2026-01-01; Post-withdrawal: 2026-01-01 to 2100-01-01
A6: Keyword match | B6: Title + main text, word boundaries; acronyms case-sensitive; COP also matches COP28 etc.
A7: Strong Match | B7: Any hit outside 'adjective' indicators, or 3+ distinct indicator words (overlaps like energy/renewable energy count once). Broad words alone (energy, green) bring noise; filter on this.
A8: Date Source | B8: url > GOV.UK API / HK daily index > page metadata > date printed on listing page.
A9: Minister/Person Country | B9: Country of any minister/person codeword found (from Codewords col E).
A10: Full text | B10: outputs/corpus.jsonl (one JSON object per article, with metadata).
